SPEC,VAREA,FAREA,SAREA,DAREA,MVWIDTH,MFWIDTH,MSWIDTH,MVCON,MFCON,CVWIDTH,CFWIDTH,CSWIDTH,CVCON,CFCON,B,CCP,CLS,COP,G,HCP,HCS,HLS,HOP,HSH,HSS,HSW,HW,MCP,MCS,MGF,MLS,MOP,MOS,MSH,NPATCH,MPSIZE,MPSHAPE,MPFRAC,CPSIZE,TEDGE,LFRAC,PRICH,SHANNON,SIMPSON,SHEVEN,SIEVEN,AMPSHP,CONEDGE,NOBLOCKS
AMGO,1.392333333,1.388666667,0.051133333,659.4,155.33,154.4866667,5.166666667,0.0522,0.057666667,8.423711917,9.79304242,9.270065628,10.98577584,11.69785332,0.003333333,0,0,0,0,0.050333333,0,27,13,0.004666667,0.036666667,0.39,0.432666667,14,0,0,0.001333333,27,0,0,3.5,0.301111111,1.381871117,1.451983924,95.66870923,193.7666667,1.133541786,3.166666667,0.352377033,0.485613333,0.709836525,0.717533333,1.331504952,22.66666667,10
AMRO,0.589289941,0.54816568,0.050177515,363.1597633,61.82840237,57.6408284,5.121893491,0.170420118,0.193295858,20.57953786,21.06498632,10.74103333,26.01622168,23.90897831,0.044911243,0.002721893,0.051420118,0.002781065,0.022781065,0.092840237,0.003195266,0.124792899,0.064911243,0.013905325,0.06183432,0.106568047,0.105443787,0.036568047,0.001656805,0.01556213,0.191242604,0.037337278,0.016153846,0.003372781,4.372781065,0.259641213,1.390367058,1.446741029,96.48809688,253.2840237,1.184827502,3.73964497,0.407836573,0.525592899,0.742898343,0.748104043,1.37516971,36.29852071,76
BAEA,0.6,0.6,58,612,59.6,59.6,6,102,102,3.809706122,3.809706122,0,4.133696288,4.133696288,0,0,0,0,0,0,0,0.05,0.21,0.14,0.03,0.57,0,0,0,0,0,0,0,0,5,0.2,1.409760789,1.46241331,109.5445115,285,1.22742243,5,0.511765218,608,0.7321705,0.76,1.320186646,20.8,1
BCCH,0.874583333,0.864166667,0.055354167,591625,93.19375,91.81666667,5.547916667,0.115479167,0.122145833,19.8220106,17.68179149,7.846196937,21.50151922,20.01858941,0.021041667,0.001875,0.022083333,0.002291667,0.000416667,0.128333333,0.014375,0.071041667,0.055625,0.019375,0.077291667,0.29125,0.181666667,0.014791667,0,0.019583333,0.035208333,0.040833333,0.002916667,0,4.5625,0.242956349,1.374340605,1.442947374,88.31841226,263.6875,1.198979997,3.791666667,0.450322712,0.580266667,0.793660692,0.805756875,1.354520029,28.10104167,23
BEKI,0.354285714,0.347142857,0.070142857,379.1428571,36.51428571,35.41428571,7.114285714,0.271857143,0.285428571,21.61512504,25.3148804,13.43590651,25.38853417,36.35024396,0.084285714,0,0.05,0.022857143,0.067142857,0,0,0.251428571,0.151428571,0.031428571,0.081428571,0,0.05,0.022857143,0.02,0,0.107142857,0.06,0,0,5.857142857,0.193253968,1.359147722,1.458305359,104.0416664,311.4285714,1.235262009,4.571428571,0.491236883,0.599085714,0.746443979,0.776823333,1.362299635,57.48571429,7
BEWR,0.705833333,0.693333333,0.065333333,526.5416667,77.65833333,75.98333333,6.566666667,0.161083333,0.16475,17.17519585,17.06341142,11.10058775,21.21746252,21.27206485,0.040833333,0.002916667,0,0.000416667,0.003333333,0.133333333,0.008333333,0.01375,0.114166667,0.074583333,0.031666667,0.2475,0.182083333,0.015416667,0.011666667,0,0.00125,0.099166667,0.0175,0.002083333,4.541666667,0.238988095,1.422067804,1.454591407,93.2334275,267.7916667,1.202170087,4.291666667,0.481111704,0.586175,0.776401947,0.780097083,1.340701496,30.29791667,16
BGWA,0.395714286,0.299285714,0.054214286,412.2857143,39.32142857,30.2,5.471428571,0.224714286,0.265785714,29.22531949,29.34717805,3.429108477,33.8471596,34.46504039,0.031428571,0.009285714,0.072142857,0.007857143,95,0.111428571,0,0.214285714,0.220714286,0,0.012857143,0.051428571,0.036428571,0.052142857,0,0,0.052142857,0.032857143,0,0,5.714285714,0.195294785,1.327560967,1.44282448,95.58621902,311.8571429,1.240422696,5.071428571,0.541836774,0.635985714,0.777603035,0.800849524,1.322913901,52.43928571,11
BHGR,0.461557971,0.418949275,0.049753623,383.7355072,47.79746377,43.43478261,5.056521739,0.171485507,0.196206522,21.44992627,21.13353381,9.745711718,24.55140581,24.52766042,0.057210145,0.009565217,0.043152174,0.002934783,0.012210145,0.108115942,0.012318841,0.159311594,0.094673913,0.017246377,0.068478261,0.100688406,0.052862319,0.013478261,0.000507246,0.006956522,0.189601449,0.031376812,0.011086957,0.008514493,4.760869565,0.238191569,1.387891389,1.448813226,98.11958476,275.6268116,1.204333901,3.967391304,0.440484196,0.551902174,0.75236235,0.756566643,1.364260041,45.48134058,101
BRCR,0.258395062,0.212962963,0.034407407,203.7160494,25.9962963,21.36049383,3.571604938,0.246296296,0.270259259,23.97010538,22.85930048,13.40807724,30.69034659,29.2236103,0.023580247,0.001234568,0.221728395,0,0,0.014691358,0,0.140493827,0.011728395,0,0.022469136,0.000987654,0.017037037,0.000864198,0,0.011604938,0.527407407,0.004074074,0.001234568,0.000864198,3.716049383,0.357569077,1.406467668,1.440521752,97.62214845,214.5802469,1.060934342,2.777777778,0.284414009,0.390812346,0.653366985,0.634270329,1.351705526,23.30123457,44
BTPI,0.585319149,0.51787234,0.055319149,404.0851064,58.76595745,51.88085106,5.557446809,0.155574468,0.187170213,19.78074994,22.10833579,9.328353051,25.03638922,28.34758548,0.059148936,0.005744681,0.017446809,0.002340426,0.014255319,0.153404255,0.010851064,0.204042553,0.06,0.029787234,0.037659574,0.108510638,0.097446809,0.025744681,0.002978723,0,0.08893617,0.064468085,0.010638298,0.006595745,4.765957447,0.236052009,1.398062053,1.449623829,95.28986002,287.3191489,1.217298546,4.255319149,0.466201573,0.57667234,0.75367786,0.768040355,1.401852612,44.42234043,38
BUSH,0.442941176,0.341764706,0.042647059,349,48.07647059,39.01764706,4.335294118,0.139117647,0.191117647,19.8162414,12.18436773,3.573454645,21.18467233,13.0254348,0.154117647,0.01,0.021176471,0,0,0.149411765,0.032941176,0.022352941,0.124705882,0,0,0.065882353,0.086470588,0.163529412,0,0,0.022941176,0.099411765,0.047058824,0,4.705882353,0.229084967,1.427342048,1.453701188,85.12103113,285.1176471,1.220994217,3.882352941,0.445286846,0.577494118,0.765622732,0.785539608,1.364770506,55.95588235,9
CBCH,0.285785714,0.216571429,0.039307143,271.7071429,28.29142857,21.39714286,4.027142857,0.229735714,0.265921429,22.90900532,23.91826126,9.42395289,28.1772029,28.32825986,0.058714286,0.028071429,0.140428571,0.003571429,0.016714286,0.022571429,0.002642857,0.140214286,0.075214286,0,0.027571429,0.003071429,0.013214286,0.048714286,0,0.012214286,0.331142857,0.0585,0.013785714,0.003642857,4.714285714,0.265036848,1.396471707,1.449020433,95.63060344,268.2571429,1.172116138,3.728571429,0.403962479,0.515908571,0.727284765,0.729340286,1.372491736,47.06,69
CEWA,1.763333333,1.763333333,0.051444444,641.1111111,177.6,176.8,5.155555556,0.092222222,0.092444444,6.941483821,7.049220111,14.99629848,18.66774937,18.29494658,0,0.056666667,0,0,0,0.056666667,0,0,0.008888889,0,0,0.477777778,0.36,0.028888889,0,0,0,0.011111111,0,0,3.555555556,0.296296296,1.325159702,1.427571746,88.78135751,208.1111111,1.151861678,3.333333333,0.379754316,0.529044444,0.727476756,0.759518519,1.400322154,23.85,4
COME,0.1,0.1,56,507,10.6,10.6,5.4,515,515,17.89968487,17.89968487,17.89058858,16.80979795,16.80979795,0,0,0.66,0,0,0,0,0,0,0,0,0,0,0,0,0.34,0,0,0,0,3,0.333333333,1.414340661,1.403548188,84.87048957,205,1.155876931,2,0.278398171,0.4488,0.924818705,0.8976,1.211313737,0,1
CONI,0.23,0.13,72,46,24.3,13.4,7.5,266,597,43.89789089,67.13653384,93.49192875,58.64875861,53.80480878,0,0.06,0,0,0,0.08,0,0,0,0,0,0,0.1,0.53,0,0,0,0.31,0,0,5,0.2,1.452763657,1.447914682,98.04335776,365,1.281146432,5,0.56487539,603,0.808153979,0.75375,1.657296037,46.9,1
CORA,0.854117647,0.788235294,0.060823529,506.9411765,86.18823529,79.37058824,6.329411765,0.119529412,0.187235294,15.47332458,20.96185063,18.21956988,22.28805979,19.5722686,0,0.007058824,0,0,0,0.058235294,0,0.073529412,0.042941176,0.044705882,0.177647059,0.257058824,0.109411765,0.092352941,0,0,0.109411765,0.037058824,0,0,4.235294118,0.251960784,1.398071998,1.449797044,104.2431228,236,1.176830655,3.823529412,0.403153506,0.508941176,0.70528863,0.706039216,1.329573982,13.28235294,9
COYE,1.127142857,1.127142857,0.046571429,683.1428571,127.6714286,126.1285714,4.457142857,0.039285714,0.039714286,11.79368877,12.0014659,16.16218841,25.29417421,24.57519741,0,0,0,0,0,0.038571429,0,0,0.017142857,0,0,0.374285714,0.57,0,0,0,0,0,0,0,3.428571429,0.297619048,1.337185208,1.455249341,95.28601434,178.5714286,1.118609926,3.285714286,0.354213733,0.504771429,0.687906807,0.7307,1.322394938,43.52142857,3
DEJU,0.37137931,0.300344828,0.059482759,434.3448276,37.66896552,30.44482759,6.131034483,0.205517241,0.242862069,21.01141906,20.94753208,9.412132434,28.85974076,25.66702254,0.029310345,0.048275862,0.024482759,0.001724138,0.066896552,0.116551724,0.007586207,0.132068966,0.143103448,0.010689655,0.105517241,0.026206897,0.004482759,0.073448276,0,0,0.156206897,0.040344828,0.006551724,0.006551724,5.137931034,0.206691297,1.401820219,1.450145038,90.42026205,293.7931034,1.226673628,3.965517241,0.466658679,0.585055172,0.785143942,0.792574713,1.317516166,32.24310345,17
DOWO,0.47,432,0.0561,259.4,46.48,42.77,5.81,0.1402,0.1566,20.57713408,15.78477096,13.21099528,28.46980574,23.095725,0,4,4,0,0,225,17,141,0.24,0,38,37,21,11,0,0,44,108,108,2,4.5,0.244444444,1.478296496,1.472632363,96.82538522,260.7,1.198884956,4,0.434144235,0.54928,0.72872729,0.739249,1.333668141,22355,10
EVGR,0.359561404,0.310614035,0.039745614,231.0087719,36.13421053,31.16315789,4.120175439,0.18645614,0.207605263,22.3736393,23.50466823,11.98379654,28.61638795,28.0661747,0.033596491,0.009473684,0.080701754,0.001842105,0,0.011052632,0,0.303070175,0.024210526,0.005438596,0.071315789,0.020175439,0.025087719,0.007982456,0,0,0.38254386,0.009385965,0.008070175,0.006052632,4.649122807,0.266805904,1.377778243,1.449117131,101.6071255,267.0175439,1.177379274,3.535087719,0.37897362,0.495885965,0.720643051,0.72135731,1.393622538,33.49254386,37
GBHE,0.314285714,0.281428571,0.067428571,402.8571429,31.54285714,28.31428571,6.914285714,0.306428571,0.327142857,31.73988245,22.71374298,19.07669664,41.05082262,31.17410585,0.067142857,0.012857143,0.01,0,0.034285714,0.074285714,0,0.131428571,0.268571429,0.031428571,0.014285714,0.015714286,0.037142857,0.051428571,0.02,0,0.12,0.101428571,0.01,0,6,0.175340136,1.400646371,1.450977128,85.84628283,364.1428571,1.279209183,5.285714286,0.599978159,0.7028,0.846860576,0.878025714,1.364684203,58.75,6
GCKI,0.309484536,0.240927835,0.038041237,264.5154639,31.02680412,24.22268041,3.918556701,0.198835052,0.235731959,24.65780811,22.9264615,10.41293229,31.50147949,26.5166116,0.058762887,0.080412371,0.092164948,0.013505155,0.015051546,0.050618557,0.002989691,0.097525773,0.031134021,0.001752577,0.025463918,0.032371134,0.017835052,0.166907216,0,0,0.237938144,0.072164948,0,0.004226804,4.608247423,0.263905253,1.385128778,1.445422257,93.10709514,263.3092784,1.17807783,3.639175258,0.397810252,0.511006186,0.726065959,0.725004777,1.354230054,35.10721649,70
GRJA,0.415454545,0.405454545,0.078090909,405.5454545,41.41818182,40.36363636,8.018181818,0.270090909,277,17.77572513,16.96038881,14.35171313,24.56645478,23.70712519,0.037272727,0,0.03,0,0,0.048181818,0,0.266363636,0.077272727,0.045454545,0.115454545,0.057272727,0.045454545,0.027272727,0.012727273,0,0.113636364,0.083636364,0.022727273,0.017272727,5.545454545,0.189502165,1.386554852,1.450480816,80.58278041,325.4545455,1.250416199,4.545454545,0.54303594,0.659509091,0.831489433,0.852717879,1.358569655,36.53181818,9
HAFL,0.3171875,0.2459375,0.0439375,283.78125,31.70625,24.60625,4.56875,0.228125,0.2675,22.37722675,22.74768136,9.038064284,30.08800527,27.45968635,0.0640625,0.0003125,0.1090625,0,0.0178125,0.0415625,0,0.14125,0.041875,0,0.060625,0.0065625,0.0096875,0.00625,0,0,0.4940625,0.0021875,0.0025,0.0021875,4875,0.242001488,1.421004721,1.457040437,101.1384033,279.8125,1.198332897,3.75,0.405798556,0.51529375,0.72408819,0.725564063,1.362524329,55.6484375,24
HAWO,0.356428571,0.28952381,0.05147619,343.7619048,35.60238095,28.96428571,5.233333333,0.228642857,0.253928571,21.22299672,23.8191795,13.51934907,26.2526833,27.48103549,0.065714286,0.000238095,0.182380952,0.003809524,0.016904762,0.110952381,0.001428571,0.098809524,0.119047619,0.003333333,0.006190476,0.023809524,0.028333333,0.021904762,0,0.06952381,0.167619048,0.048333333,0.029047619,0.002619048,4.214285714,0.261989796,1.427874419,1.447147734,92.50658856,256.2857143,1.192001575,3.5,0.408868639,0.53632381,0.791961588,0.786981508,1.344894183,51.37142857,31
HEWA,0.342990654,0.281588785,0.043962617,274.0934579,34.37102804,28.12990654,4.528037383,0.216962617,0.245672897,25.49200088,26.20435529,10.3736812,30.85603509,28.78225088,0.039065421,0.059439252,0.055700935,0.005233645,0.012056075,0.037383178,0.001308411,0.198037383,0.051028037,0.005981308,0.058598131,0.019906542,0.019252336,0.052056075,0.001308411,0.006074766,0.323925234,0.04728972,0.004672897,0.001682243,4.598130841,0.25200267,1.400734979,1.453498225,102.2712643,263.3925234,1.184678735,3.719626168,0.394139372,0.49268972,0.693535772,0.684286417,1.365553806,30.62242991,60
HOWR,1.103076923,1.103076923,0.047230769,650.5384615,134.4846154,134.2076923,4.8,0.1,0.100076923,13.76396388,13.80125721,6.426139109,9.823474359,9.694427241,0,0,0.081538462,0,0,0.087692308,0,0,0.002307692,0,0,0.319230769,0.418461538,0,0,0.072307692,0,0.018461538,0,0,3.076923077,0.326923077,1.460202403,1.449589466,87.32065304,191.3076923,1.13435116,2.615384615,0.32100186,0.452907692,0.777668425,0.744835897,1.333379251,24.10769231,6
HUVI,0.460952381,0.425238095,0.053761905,377.3809524,46.8047619,43.24285714,5.50952381,0.153333333,0.179095238,18.51281157,20.98526757,7.942129254,22.86726339,25.63597035,0.037619048,0.028571429,0.017619048,0,0.006190476,0.092857143,0.004285714,0.238571429,0.072380952,0.008095238,0.04047619,0.10047619,0.061904762,0.098095238,0,0,0.088095238,0.094285714,0.004761905,0.005714286,5.047619048,0.22467876,1.388547408,1.448626491,98.13348517,297.6666667,1.223555655,4.380952381,0.459523734,0.559228571,0.724152708,0.733029683,1.412143207,23.57142857,17
MALL,0.58,575,0.0995,475.1666667,58.81666667,58.21666667,10.2,0.2745,0.278333333,18.96172601,16.28973276,21.76213067,31.86326107,30.45338832,0,0,0,0,0,0.151666667,0,0.258333333,75,0.036666667,0,0.151666667,0.118333333,5,0.023333333,0,0.066666667,0.088333333,0.013333333,0.011666667,4.833333333,0.223809524,1.408007058,1.445052679,92.38273186,296.6666667,1.227991997,4.166666667,0.482820443,0.5933,0.789486339,0.795613333,1.440204931,41.94166667,5
MAMU,0.10125,0.09125,0.0205,63875,10175,9.65,2.1125,0.27575,0.30625,32.84444459,38.72245311,7.426561172,33.71213638,44.11454614,15,0.02,0.24,0,0,0,0,0,0,0,0.01,0,0,0.33375,0,0,0.36,0.02125,0,0,4625,0.342261905,1.406760152,1.475025362,139.9118082,196.75,1.013180067,3125,0.226298669,0.287775,0.428428256,0.410183333,1.218675619,32675,4
MGWA,0.580392157,0.550588235,0.062039216,397.5490196,57.76470588,54.75098039,6.223529412,0.195882353,0.208333333,20.42000046,18.01441918,12.80171202,25.69311155,24.92837885,0.024117647,0,0.038823529,0.00627451,0.015882353,0.156470588,0.019215686,0.019607843,0.204901961,0.039411765,0.000588235,0.155686275,0.120980392,0.001176471,0.005490196,0.025098039,0.00254902,0.090588235,0.061176471,0.011960784,4.215686275,0.254154995,1.445497473,1.452103808,81.74607587,263.0392157,1.200236498,4.039215686,0.472924473,0.599180392,0.802977016,0.818890523,1.352513062,36.85980392,27
MOQU,0.64,0.64,0.0585,312.5,62.35,62.35,5.95,106,106,27.56883335,27.56883335,19.58188534,39.87738284,39.87738284,0,0,0,0,0,0.5,0,0,0,0.14,0,0,0.09,0,0,0,0,0.17,0.1,0,4,0.266666667,1.505770558,1.441858016,74.64333576,271.5,1.211723386,4,0.492870209,594,0.813838844,0.7948,1.345965609,21.6,2
NOFL,0.66,643,55,555.8,66.68,64.75,5.44,0.1363,0.1562,19.56638125,24.80384172,12.68189611,25.9316248,32.55263428,0.01,0,66,0,0,131,0,51,33,0.07,34,264,0.14,24,0,34,6,125,12,0,4.6,235,1.362518015,1.437864612,81.68683609,273.2,1.208006363,4.3,0.501032709,0.6303,0.819291166,0.850038,1.334786159,24155,8
OCWA,0.566813187,0.537582418,0.059549451,433.6703297,59.98131868,56.8010989,5.964835165,0.181175824,0.20078022,20.94080288,19.68502625,10.62262568,26.35486758,23.68193496,0.052197802,0.028571429,0.009120879,0.01010989,0.013846154,0.102747253,0.010989011,0.014505495,0.121758242,0.032307692,0.02978022,0.165934066,0.14989011,0.098571429,0.003076923,0.005164835,0.006373626,0.106923077,0.03010989,0.008021978,4.703296703,0.233560091,1.398991639,1.451699344,84.32077016,274.021978,1.208442422,4.230769231,0.481257098,0.604956044,0.783665496,0.80761956,1.346726406,37.30494505,42
OSFL,0.267619048,0.223809524,0.054809524,306.1428571,25.67619048,21.50952381,5.50952381,0.309333333,0.322285714,22.50397911,19.36580575,15.7286795,25.95167904,22.18868392,0.038571429,0,0.199047619,0,0.003809524,0.064761905,0.015238095,0,0.3,0,0,0,0.016190476,0.021904762,0,0.134761905,0.013333333,0.069047619,0.087619048,0.035714286,4.19047619,0.257709751,1.445161252,1.452010701,85.34081779,253.5238095,1.192792705,3.666666667,0.43428997,0.563866667,0.830279421,0.829836825,1.314072948,43.31904762,14
PIWO,0.478695652,0.455652174,0.063956522,252.9130435,48.10434783,45.87391304,6.634782609,0.194782609,0.204565217,17.6617094,18.08018169,28.35940691,36.03597722,32.23958066,0.014782609,0,0.016086957,0,0,0.293478261,0.003478261,0.077826087,0.122608696,0.034347826,0.036086957,0.052608696,0.087391304,0,0,0,0.066086957,0.07173913,0.08826087,0.035217391,4.130434783,0.254761905,1.420915441,1.450022818,92.05487042,251.0434783,1.188149387,4,0.453571756,0.566417391,0.756752076,0.761518841,1.33660907,51.65217391,18
PUFI,0.62,0.606470588,0.055705882,503.8235294,67.65882353,66.1,5.729411765,0.147470588,0.152705882,17.50513015,17.22705556,13.82366002,25.96190271,23.59385176,0.064117647,0,0.06,0,0,0.133529412,0,0.035882353,0.049411765,0.044705882,0.108235294,0.237058824,0.092941176,0.012941176,0,0.027647059,0.067058824,0.034705882,0.014705882,0.017058824,4.588235294,0.240429505,1.382292055,1.446245556,97.11833034,257.7058824,1.195868839,3.941176471,0.443240662,0.560188235,0.779819817,0.78266,1.328972448,37.03529412,14
PYOW,0.61,0.25,0.0395,235,62.55,25.9,3.95,0.0785,0.1985,14.1868986,25.7473687,4.054202128,14.48332294,25.48022869,0,5,25,0,0,0,0,605,0,0,0,0,35,0,0,0,0.33,0,0,0,4,0.333333333,1.264658731,1.406982934,86.75477663,221,1.135019772,3.5,0.370029971,0.5114,0.78026299,0.79675,1.351716939,13.3,2
RBNU,0.81875,625,0.06425,403125,82.5125,62.7375,6.6625,0.16075,0.23025,12.72857898,17.3877266,9.583076607,20.12016119,24.43703588,0.0375,0.0025,0.0125,0,0.0025,0.16375,0.0275,275,0.05875,0.03875,0,0.0825,0.08375,0,0,0,0.17,0.02625,0.01,0.00875,5375,0.208482143,1.340135077,1.43925662,95.98790941,310.5,1.233686708,4.5,0.492173128,0.6004,0.753946586,0.7751625,1.392360054,43.9375,7
RBSA,0.383076923,0.353846154,0.052923077,478,44.69230769,42.08461538,5.284615385,0.278538462,0.291615385,24.27194281,24.55915075,7.649005685,22.12578224,23.34576799,0.073076923,0,0.227692308,0,0.036923077,0.079230769,0,0.089230769,0.082307692,0,0.013846154,0.039230769,0.105384615,0.016923077,0,0.136923077,0.075384615,0.023846154,0,0,4.384615385,0.259157509,1.393878501,1.444023194,89.11336228,248.9230769,1.18647931,3.615384615,0.42608812,0.560846154,0.836047783,0.838597436,1.306651528,86.01923077,9
RECR,0.122857143,0.122857143,0.030142857,144.1428571,12.14285714,12.14285714,2.957142857,0.314571429,0.314571429,28.82623298,28.82623298,18.7431619,40.0738655,40.0738655,0.035714286,0.004285714,0.125714286,0,0.047142857,0.044285714,0,0,0.171428571,0,0.008571429,0,0,0.097142857,0,0,0.308571429,0.04,0.057142857,0.06,5.428571429,0.196938776,1.442187614,1.478507573,118.1415778,295.8571429,1.234077052,4.142857143,0.445068223,0.556342857,0.718217701,0.732885714,1.315892771,54.82857143,4
RSTO,0.603846154,0.588461538,0.064025641,336.4358974,62.10769231,60.56923077,6.451282051,0.237871795,0.241102564,14.70211376,14.662587,18.93801682,24.88440396,24.87169888,0,0.001794872,0,0.001538462,0,0.187948718,0.001538462,0.001282051,0.203589744,0.029230769,0.000769231,0.174615385,0.097948718,0.043333333,0.007179487,0,0,0.112307692,0.088461538,0.048461538,4.179487179,0.255433455,1.466072572,1.455658488,86.13941427,264.3333333,1.20223028,4.025641026,0.462640257,0.576323077,0.774284734,0.776526239,1.36254194,33.85384615,23
RTHA,0.451428571,0.397142857,0.100857143,242.2857143,42.42857143,37.12857143,10.24285714,0.308714286,0.332142857,21.9631188,15.11688577,18.18169132,31.02452148,23.34726327,0.02,0,0.002857143,0,0,0.12,0.024285714,0.097142857,0.288571429,0.051428571,0.004285714,0.081428571,0.088571429,0.004285714,0.02,0,0.03,0.074285714,0.072857143,0.02,5.285714286,0.196598639,1.50914451,1.491539881,107.6300776,321.4285714,1.242596086,4.857142857,0.510086168,0.599771429,0.741027318,0.756418571,1.403217525,69.76428571,7
RUGR,495,457,0.0601,533.8,49.39,46.36,5.94,0.2004,0.2173,24.46933683,24.79422583,1.789058858,24.84468081,26.59842354,67,0,65,0,104,193,0,38,175,0,0.04,228,9,13,0,0,17,51,0,0,5.4,0.205396825,1.366492639,1.445375456,90.72793035,304.3,1.236905207,4.6,0.524449632,0.6399,0.807440181,0.832793333,1.338312134,55.64,9
RUHU,0.651186441,0.615254237,0.054525424,440.8813559,68.55932203,64.75762712,5.544067797,0.130932203,0.166118644,18.42176029,20.07361223,15.28660792,24.2197155,24.99963333,0.037966102,0.005423729,0.025423729,0,0.00559322,0.116610169,0,0.122542373,0.060677966,0.022881356,0.055254237,0.2,0.126610169,0.048135593,0,0.007966102,0.071016949,0.063389831,0.021694915,0.012881356,4.288135593,0.26614205,1.395513182,1.443574386,93.12024075,255.6440678,1.172796,3.813559322,0.42960437,0.542864407,0.749512411,0.751753729,1.368697236,41.8,39
SCOW,0.38,0.3,78,596,38.7,30.7,7.9,209,262,11.43003232,18.49329231,13.93044221,20.60443108,19.6110421,0.24,0,0,0,0,0.14,0,0.27,0,0,0,0,0,0,0,0,0.3,0.05,0,0,8,125,1.430706634,1.465746386,60.92618485,504,1.351215268,5,0.643738284,0.7574,0.920981273,0.94675,1.412063612,156,1
SOSP,0.534865979,0.501113402,0.057208247,381.4948454,55.14082474,51.55587629,5.825154639,0.182810309,0.205729897,18.93930273,19.46038197,13.16456604,24.39151147,24.83028444,0.047979381,0.018371134,0.02843299,0.005690722,0.011938144,0.13785567,0.010350515,0.132020619,0.095690722,0.024103093,0.034742268,0.108082474,0.093793814,0.054474227,0.002597938,0.006268041,0.068474227,0.080061856,0.026824742,0.01356701,4.936082474,0.226874489,1.413071298,1.45529927,93.37754076,290.6,1.221393842,4.26185567,0.473963306,0.585028041,0.768686824,0.781166639,1.382613175,40.13804124,94
SSHA,0.31,255,48,464,31.15,25.7,5,0.1655,0.2455,16.11985572,35.69018664,0,18.39032626,32.42671342,0.05,0,0.12,0,25,0,0,0,245,0,0,35,75,0.12,0,0,0,0.33,0,0,4,0.266666667,1.259705575,1.400756026,88.36641374,215.5,1.160338777,4,0.468942238,0.5846,0.793256592,0.79285,1.241085804,32,2
STJA,0.375703125,0.325664063,0.047847656,336.1210938,38.33398438,33.24492188,4.870703125,0.215617188,0.251984375,22.83727905,23.60834119,13.77616889,28.6155094,28.59731958,0.048710938,0.042734375,0.093867188,0.004375,0.02890625,0.083789063,0.003789063,0.12796875,0.08421875,0.0103125,0.035273438,0.073085938,0.035703125,0.0646875,0.00109375,0.00984375,0.181875,0.052304688,0.01203125,0.006992188,4625,0.247304377,1.399811239,1.449129192,95.48604765,270.1132813,1.193190428,3.87890625,0.430576214,0.541888281,0.751738052,0.753924167,1.368687311,39.35390625,113
SWTH,0.450521739,0.404415459,0.04845314,334.1516908,46.15294686,41.43487923,4.957487923,0.173171981,0.202883092,21.85314225,21.67854687,11.92969022,27.11263699,26.38980935,0.051246377,0.01589372,0.051439614,0.005400966,0.005294686,0.096444444,0.007333333,0.159391304,0.063710145,0.012009662,0.059690821,0.076657005,0.050550725,0.051333333,0.000811594,0.001623188,0.22989372,0.041449275,0.013671498,0.006618357,4.685024155,0.248330649,1.398842267,1.452433223,99.10961343,270.7661836,1.191922144,3.828019324,0.420668569,0.53206029,0.735065263,0.737950886,1.371154642,41.28937198,158
TRSW,2.86,2.86,56,696,283.8,283.8,5.8,0.02,0.02,1.833179518,1.833179518,7.269603816,0,0,0,0,0,0,0,0.05,0,0,0,0,0,0.66,0.29,0,0,0,0,0,0,0,3,0.333333333,1.349261743,1.411645049,92.19002115,195,1.145017306,3,0.340057083,0.4778,0.712726754,0.7167,1.473638814,0,1
VATH,0.273279678,0.212112676,0.03934004,219.971831,27.51368209,21.36438632,4.063782696,0.222792757,0.266086519,23.7019242,24.51761963,14.19414808,30.6336797,30.39557388,0.041046278,0.014185111,0.160241449,0.002635815,0.004647887,0.055432596,0.001529175,0.142555332,0.034104628,0.001911469,0.034547284,0.007404427,0.012515091,0.034889336,0.00028169,0.001126761,0.409597586,0.02527163,0.010181087,0.007022133,4.020120724,0.314915685,1.401465017,1.438692177,94.18185979,238.4929577,1.110756431,3.209255533,0.352134892,0.461005231,0.702106261,0.68888562,1.364233954,34.23903421,123
VGSW,0.35875,0.35875,0.060875,516625,35325,35325,6,0.202875,0.202875,30.16480504,30.16480504,0,37.12535734,37.12535734,0.07125,0,0.13625,0,0.30125,0.04375,0,0.00625,0.34875,0.0175,0.00375,0.07125,0,0,0,0,0,0,0,0,5.25,0.191666667,1.402299391,1.454664592,80.9968786,324375,1.252417747,4.75,0.564654325,0.68325,0.8311562,0.865708333,1.400193888,54.81875,3
WAVI,0.561140065,0.511140065,0.051211726,414.3648208,57.81270358,52.74820847,5.191530945,0.166850163,0.192899023,20.50893167,20.08914138,7.829456805,23.25256652,22.78848962,0.046710098,0.010716612,0.025211726,0.002312704,0.027980456,0.136840391,0.016970684,0.113843648,0.132410423,0.018273616,0.046286645,0.137687296,0.082964169,0.050325733,0.000456026,0.000912052,0.064397394,0.055016287,0.020065147,0.010618893,4.798045603,0.233818055,1.381218001,1.449145269,95.86363574,273.1172638,1.205828545,4.237785016,0.463417513,0.572971336,0.751363198,0.764280391,1.356645901,39.18680782,80
WCSP,0.903333333,0.873968254,0.048634921,466.3015873,97.76349206,94.48095238,4.914285714,0.151190476,0.168396825,18.90667595,17.47839618,10.16502316,19.55953074,20.32875709,0.048571429,0,0.020952381,0.017460317,0.015873016,0.08968254,0.037777778,0.041746032,0.171904762,0.028253968,0.005396825,0.207301587,0.202698413,0.004126984,0,0.014920635,0.021904762,0.028571429,0.030952381,0.011904762,4.063492063,0.264588057,1.404257228,1.444416094,88.74009394,241.8888889,1.182348819,3.682539683,0.433822174,0.557761905,0.780034231,0.782154762,1.352694362,41.15079365,29
WEFL,0.366705426,0.309302326,0.043310078,285.1369509,37.12596899,31.30968992,4.441989664,0.20526615,0.23781137,23.18866726,24.12077603,11.49258828,28.29692496,28.06415386,0.034534884,0.021731266,0.12372093,0.003475452,0.013204134,0.110826873,0.005723514,0.146447028,0.054935401,0.00625323,0.046834625,0.038113695,0.027596899,0.042235142,0.000180879,0.004405685,0.277855297,0.027118863,0.011511628,0.00381137,4.373385013,0.283018026,1.402310289,1.447040777,98.66876087,252.5981912,1.148448616,3.607235142,0.385844204,0.490366925,0.70067981,0.696270491,1.360289274,35.40135659,155
WETA,0.412094595,0.352905405,0.050756757,318.4459459,41.05067568,35.20135135,5.193243243,0.179959459,0.211608108,22.57157322,23.56024426,10.65808307,27.44971797,26.86059891,0.058851351,0.003378378,0.058918919,0,0.015202703,0.082027027,0.00527027,0.205810811,0.088310811,0.011148649,0.080675676,0.034662162,0.027905405,0.014527027,0.001891892,0.010067568,0.245810811,0.031081081,0.013513514,0.010945946,5.121621622,0.221487559,1.379564195,1.458613898,105.7808837,289.1013514,1.210953494,4.135135135,0.438475442,0.544558108,0.720099854,0.731213423,1.367011551,50.24087838,69
WIFL,1.134285714,1.134285714,0.045761905,651.4285714,130.6,129.5714286,4.504761905,0.054857143,0.055142857,9.8485162,9.987034288,12.29902475,17.51783,17.03851213,0,0,0,0,0,0.056190476,0,0.002380952,0.044761905,0.006666667,0.001428571,0.370952381,0.488095238,0,0,0,0,0.011428571,0.009047619,0.009047619,3.428571429,0.299206349,1.385809002,1.453357851,93.51937101,192.6190476,1.133968732,3.238095238,0.363911749,0.501619048,0.718696432,0.73305873,1.333188804,38.88095238,8
WIWA,0.393313953,0.340034884,0.047306977,298.1011628,40.2394186,34.85197674,4.849069767,0.183837209,0.218597674,22.22788852,21.69347406,12.56871105,28.03815039,26.5484795,0.046348837,0.022697674,0.059662791,0.003906977,0.008302326,0.090046512,0.0085,0.1485,0.078023256,0.010372093,0.045662791,0.051244186,0.041872093,0.061209302,0.000813953,0.005372093,0.228244186,0.060232558,0.021337209,0.008395349,4.540697674,0.253129384,1.4052134,1.452549966,98.51917892,265.3046512,1.18591288,3.784883721,0.414541165,0.524725581,0.733113382,0.732892457,1.370161364,34.31686047,156
WIWR,0.271535912,0.219535912,0.037668508,232.560221,27.28839779,22.04751381,3.879116022,0.222064088,0.260198895,24.15171665,24.2626554,12.70144857,29.19185625,28.51678638,0.042729282,0.023513812,0.144762431,0.002729282,0.004088398,0.058773481,0.002121547,0.146662983,0.024044199,0.003569061,0.036552486,0.010773481,0.010696133,0.043690608,0.000464088,0.004232044,0.411381215,0.02558011,0.002950276,0.001480663,4.085082873,0.310210471,1.407641292,1.445117069,97.73811705,238.3779006,1.116013211,3.249723757,0.347574034,0.454027182,0.687747243,0.675767134,1.366985084,32.89508287,151
WODU,245,245,0.1175,418.5,24.85,24.85,11.9,503,503,14.34236629,14.34236629,18.51086466,26.17221652,26.17221652,135,25,0,0,0,0,0,0,35,0.11,0,0,85,0.14,0.07,0,0,0.4,0,0,6,0.166666667,1.534309285,1.481930534,75.79013503,396.5,1.29829646,5,0.604017238,0.7188,0.875206685,0.907706667,1.430035105,37025,2
WREN,768,768,0.0776,526.2,79.32,78.6,7.76,0.2236,0.2238,11.3680686,11.46503126,14.27743534,22.67914857,22.34362606,0,0,0,0,0,54,0,0,156,44,0,252,0.32,6,28,0,0,106,34,0,3.8,0.283333333,1.435023936,1.443398898,75.15322022,248.6,1.183109962,3.8,0.455545964,598,0.805150679,0.831489333,1.383534222,46.63,5
WWPE,0.594545455,0.545454545,0.051818182,401.0909091,65.91818182,61.17272727,5.209090909,0.210818182,0.230818182,23.6029598,19.56371954,9.204589774,22.66948033,17.99965193,0.017272727,0,185,0,0,0.059090909,0.015454545,0.000909091,0.249090909,0,0.014090909,0.077272727,115,0,0,0.117727273,0.019090909,0.056818182,0.071363636,0.001818182,3.818181818,275,1.458517566,1.456923756,94.21612614,227.9545455,1.171091773,3.136363636,0.373099876,0.506918182,0.787421803,0.776251515,1.314887324,46.61818182,13
